Problem;Vars;TreeWidth;TRead;TSearch;TTotal
UAI/Promedus_11.uai ; 461 ;  ; 8 ; 32;0.35851966075558983 ; 930 ; 0.17859435081481934 ; 0.10893130302429199
UAI/Promedus_12.uai ; 534 ;  ; 3 ; 26;0.3665987780040733 ; 1080 ; 0.2073655128479004 ; 0.13887524604797363
UAI/Promedus_13.uai ; 894 ;  ; 4 ; 11;0.32580236486486486 ; 1543 ; 0.37427783012390137 ; 0.41923093795776367
