Problem;Vars;TreeWidth;TRead;TSearch;TTotal
UAI/blockmap_15_02-0008.uai ; 73;67.76758694648743 ; 308.6913712024689
UAI/blockmap_15_03-0010.uai ; 75;120.11330366134644 ; 377.9397277832031
